"STATION","NAME","LATITUDE","LONGITUDE","ELEVATION","DATE","AWND","AWND_ATTRIBUTES","PRCP","PRCP_ATTRIBUTES","SNOW","SNOW_ATTRIBUTES","SNWD","SNWD_ATTRIBUTES","TAVG","TAVG_ATTRIBUTES","TMAX","TMAX_ATTRIBUTES","TMIN","TMIN_ATTRIBUTES","WDF2","WDF2_ATTRIBUTES","WDF5","WDF5_ATTRIBUTES","WSF2","WSF2_ATTRIBUTES","WSF5","WSF5_ATTRIBUTES","WT01","WT01_ATTRIBUTES","WT02","WT02_ATTRIBUTES","WT04","WT04_ATTRIBUTES","WT06","WT06_ATTRIBUTES","WT08","WT08_ATTRIBUTES"
"USW00094728","NY CITY CENTRAL PARK, NY US","40.77898","-73.96925","42.7","2017-01-01","5.59",",,W","0.00","T,,W,2400","0.0",",,W,2400","0",",,W,2400",,,"48",",,W","40",",,W","  260",",,W","  310",",,W","15.0",",,W","23.0",",,W",,,,,,,,,"    1",",,W"
"USW00094728","NY CITY CENTRAL PARK, NY US","40.77898","-73.96925","42.7","2017-01-02","9.17",",,W","0.21",",,W,2400","0.0","T,,W,2400","0",",,W,2400",,,"41",",,W","37",",,W","   70",",,W","   70",",,W","17.0",",,W","25.1",",,W","    1",",,W",,,"    1",",,W",,,,
"USW00094728","NY CITY CENTRAL PARK, NY US","40.77898","-73.96925","42.7","2017-01-03","10.74",",,W","0.58",",,W,2400","0.0",",,W,2400","0",",,W,2400",,,"43",",,W","39",",,W","   70",",,W","   60",",,W","21.0",",,W","30.0",",,W","    1",",,W",,,,,,,,
"USW00094728","NY CITY CENTRAL PARK, NY US","40.77898","-73.96925","42.7","2017-01-04","8.05",",,W","0.00",",,W,2400","0.0",",,W,2400","0",",,W,2400",,,"52",",,W","34",",,W","  280",",,W","  290",",,W","23.9",",,W","36.0",",,W","    1",",,W",,,,,,,"    1",",,W"
"USW00094728","NY CITY CENTRAL PARK, NY US","40.77898","-73.96925","42.7","2017-01-05","7.83",",,W","0.00",",,W,2400","0.0",",,W,2400","0",",,W,2400",,,"34",",,W","27",",,W","  250",",,W","  290",",,W","17.0",",,W","27.1",",,W",,,,,,,,,,
"USW00094728","NY CITY CENTRAL PARK, NY US","40.77898","-73.96925","42.7","2017-01-06","4.70",",,W","0.05",",,W,2400","1.2",",,W,2400","1",",,W,2400",,,"33",",,W","25",",,W","  360",",,W","   20",",,W","10.1",",,W","16.1",",,W","    1",",,W",,,,,,,"    1",",,W"
"USW00094728","NY CITY CENTRAL PARK, NY US","40.77898","-73.96925","42.7","2017-01-07","7.61",",,W","0.32",",,W,2400","5.1",",,W,2400","0","T,,W,2400",,,"26",",,W","20",",,W","  350",",,W","  330",",,W","17.0",",,W","25.1",",,W","    1",",,W","    1",",,W",,,,,"    1",",,W"
"USW00094728","NY CITY CENTRAL PARK, NY US","40.77898","-73.96925","42.7","2017-01-08","8.72",",,W","0.00",",,W,2400","0.0",",,W,2400","4",",,W,2400",,,"25",",,W","16",",,W","  290",",,W","  280",",,W","18.1",",,W","30.0",",,W",,,,,,,,,,
"USW00094728","NY CITY CENTRAL PARK, NY US","40.77898","-73.96925","42.7","2017-01-09","5.14",",,W","0.00",",,W,2400","0.0",",,W,2400","3",",,W,2400",,,"23",",,W","14",",,W","  250",",,W","  250",",,W","13.0",",,W","21.9",",,W",,,,,,,,,,
"USW00094728","NY CITY CENTRAL PARK, NY US","40.77898","-73.96925","42.7","2017-01-10","4.70",",,W","0.00",",,W,2400","0.0",",,W,2400","3",",,W,2400",,,"46",",,W","21",",,W","  180",",,W","  170",",,W","14.1",",,W","23.9",",,W",,,,,,,,,,
"USW00094728","NY CITY CENTRAL PARK, NY US","40.77898","-73.96925","42.7","2017-01-11","5.82",",,W","0.52",",,W,2400","0.0",",,W,2400","0",",,W,2400",,,"52",",,W","42",",,W","  250",",,W","  240",",,W","16.1",",,W","33.1",",,W","    1",",,W",,,,,,,,
"USW00094728","NY CITY CENTRAL PARK, NY US","40.77898","-73.96925","42.7","2017-01-12","7.61",",,W","0.05",",,W,2400","0.0",",,W,2400","0",",,W,2400",,,"66",",,W","47",",,W","  250",",,W","  250",",,W","16.1",",,W","23.9",",,W","    1",",,W",,,,,,,,
"USW00094728","NY CITY CENTRAL PARK, NY US","40.77898","-73.96925","42.7","2017-01-13","7.16",",,W","0.00",",,W,2400","0.0",",,W,2400","0",",,W,2400",,,"62",",,W","32",",,W","  300",",,W","  300",",,W","17.0",",,W","28.0",",,W",,,,,,,,,,
"USW00094728","NY CITY CENTRAL PARK, NY US","40.77898","-73.96925","42.7","2017-01-14","4.25",",,W","0.12",",,W,2400","0.6",",,W,2400","0",",,W,2400",,,"34",",,W","28",",,W","  280",",,W","   60",",,W","8.9",",,W","12.1",",,W","    1",",,W","    1",",,W",,,,,,
"USW00094728","NY CITY CENTRAL PARK, NY US","40.77898","-73.96925","42.7","2017-01-15","4.25",",,W","0.00",",,W,2400","0.0",",,W,2400","1",",,W,2400",,,"38",",,W","30",",,W","  310",",,W","  300",",,W","10.1",",,W","15.0",",,W",,,,,,,,,,
"USW00094728","NY CITY CENTRAL PARK, NY US","40.77898","-73.96925","42.7","2017-01-16","4.70",",,W","0.00",",,W,2400","0.0",",,W,2400","0","T,,W,2400",,,"43",",,W","30",",,W","  250",",,W","  250",",,W","13.0",",,W","19.0",",,W",,,,,,,,,,
"USW00094728","NY CITY CENTRAL PARK, NY US","40.77898","-73.96925","42.7","2017-01-17","4.92",",,W","0.35",",,W,2400","0.0",",,W,2400","0",",,W,2400",,,"42",",,W","38",",,W","   70",",,W","   70",",,W","15.0",",,W","19.9",",,W","    1",",,W",,,,,,,"    1",",,W"
"USW00094728","NY CITY CENTRAL PARK, NY US","40.77898","-73.96925","42.7","2017-01-18","5.82",",,W","0.06",",,W,2400","0.0",",,W,2400","0",",,W,2400",,,"41",",,W","38",",,W","   60",",,W","   60",",,W","14.1",",,W","19.0",",,W","    1",",,W",,,,,,,,
"USW00094728","NY CITY CENTRAL PARK, NY US","40.77898","-73.96925","42.7","2017-01-19","3.58",",,W","0.00",",,W,2400","0.0",",,W,2400","0",",,W,2400",,,"49",",,W","39",",,W","  320",",,W","  310",",,W","12.1",",,W","19.0",",,W",,,,,,,,,,
"USW00094728","NY CITY CENTRAL PARK, NY US","40.77898","-73.96925","42.7","2017-01-20","4.03",",,W","0.10",",,W,2400","0.0",",,W,2400","0",",,W,2400",,,"45",",,W","40",",,W","   60",",,W","  110",",,W","10.1",",,W","14.1",",,W","    1",",,W",,,,,,,,
"USW00094728","NY CITY CENTRAL PARK, NY US","40.77898","-73.96925","42.7","2017-01-21","3.80",",,W","0.00",",,W,2400","0.0",",,W,2400","0",",,W,2400",,,"49",",,W","41",",,W","  270",",,W","  270",",,W","12.1",",,W","18.1",",,W","    1",",,W",,,,,,,"    1",",,W"
"USW00094728","NY CITY CENTRAL PARK, NY US","40.77898","-73.96925","42.7","2017-01-22","6.71",",,W","0.05",",,W,2400","0.0",",,W,2400","0",",,W,2400",,,"48",",,W","43",",,W","   60",",,W","   50",",,W","21.0",",,W","33.1",",,W","    1",",,W","    1",",,W",,,,,"    1",",,W"
"USW00094728","NY CITY CENTRAL PARK, NY US","40.77898","-73.96925","42.7","2017-01-23","18.34",",,W","1.16",",,W,2400","0.0",",,W,2400","0",",,W,2400",,,"44",",,W","36",",,W","   70",",,W","   40",",,W","33.1",",,W","47.0",",,W","    1",",,W",,,,,,,,
"USW00094728","NY CITY CENTRAL PARK, NY US","40.77898","-73.96925","42.7","2017-01-24","10.07",",,W","1.18",",,W,2400","0.0","T,,W,2400","0",",,W,2400",,,"38",",,W","35",",,W","   50",",,W","   50",",,W","23.9",",,W","36.0",",,W","    1",",,W",,,,,,,,
"USW00094728","NY CITY CENTRAL PARK, NY US","40.77898","-73.96925","42.7","2017-01-25","6.71",",,W","0.00",",,W,2400","0.0",",,W,2400","0",",,W,2400",,,"51",",,W","36",",,W","  310",",,W","  280",",,W","18.1",",,W","25.9",",,W",,,,,,,,,,
"USW00094728","NY CITY CENTRAL PARK, NY US","40.77898","-73.96925","42.7","2017-01-26","6.71",",,W","0.02",",,W,2400","0.0",",,W,2400","0",",,W,2400",,,"56",",,W","43",",,W","  290",",,W","  270",",,W","21.0",",,W","38.0",",,W",,,,,,,,,,
"USW00094728","NY CITY CENTRAL PARK, NY US","40.77898","-73.96925","42.7","2017-01-27","8.95",",,W","0.00",",,W,2400","0.0",",,W,2400","0",",,W,2400",,,"43",",,W","36",",,W","  290",",,W","  260",",,W","18.1",",,W","33.1",",,W",,,,,,,,,,
"USW00094728","NY CITY CENTRAL PARK, NY US","40.77898","-73.96925","42.7","2017-01-28","7.83",",,W","0.00",",,W,2400","0.0",",,W,2400","0",",,W,2400",,,"39",",,W","34",",,W","  270",",,W","  260",",,W","16.1",",,W","27.1",",,W",,,,,,,,,,
"USW00094728","NY CITY CENTRAL PARK, NY US","40.77898","-73.96925","42.7","2017-01-29","5.82",",,W","0.00",",,W,2400","0.0",",,W,2400","0",",,W,2400",,,"43",",,W","35",",,W","  260",",,W","  260",",,W","15.0",",,W","23.9",",,W",,,,,,,,,,
"USW00094728","NY CITY CENTRAL PARK, NY US","40.77898","-73.96925","42.7","2017-01-30","6.26",",,W","0.00",",,W,2400","0.0",",,W,2400","0",",,W,2400",,,"37",",,W","30",",,W","  310",",,W","  330",",,W","15.0",",,W","21.9",",,W",,,,,,,,,,
"USW00094728","NY CITY CENTRAL PARK, NY US","40.77898","-73.96925","42.7","2017-01-31","4.03",",,W","0.06",",,W,2400","1.0",",,W,2400","0",",,W,2400",,,"34",",,W","26",",,W","   80",",,W","   80",",,W","12.1",",,W","15.0",",,W","    1",",,W","    1",",,W",,,,,"    1",",,W"
"USW00094728","NY CITY CENTRAL PARK, NY US","40.77898","-73.96925","42.7","2017-02-01","5.82",",,W","0.00",",,W,2400","0.0",",,W,2400","0","T,,W,2400",,,"47",",,W","33",",,W","  260",",,W","  250",",,W","16.1",",,W","25.9",",,W",,,,,,,,,,
"USW00094728","NY CITY CENTRAL PARK, NY US","40.77898","-73.96925","42.7","2017-02-02","5.37",",,W","0.00",",,W,2400","0.0",",,W,2400","0",",,W,2400",,,"45",",,W","32",",,W","  280",",,W","  300",",,W","16.1",",,W","28.0",",,W",,,,,,,,,,
"USW00094728","NY CITY CENTRAL PARK, NY US","40.77898","-73.96925","42.7","2017-02-03","6.71",",,W","0.00",",,W,2400","0.0",",,W,2400","0",",,W,2400",,,"33",",,W","26",",,W","  310",",,W","  310",",,W","17.0",",,W","29.1",",,W",,,,,,,,,,
"USW00094728","NY CITY CENTRAL PARK, NY US","40.77898","-73.96925","42.7","2017-02-04","8.50",",,W","0.00",",,W,2400","0.0",",,W,2400","0",",,W,2400",,,"34",",,W","22",",,W","  310",",,W","  310",",,W","16.1",",,W","25.9",",,W",,,,,,,,,,
"USW00094728","NY CITY CENTRAL PARK, NY US","40.77898","-73.96925","42.7","2017-02-05","7.16",",,W","0.00",",,W,2400","0.0",",,W,2400","0",",,W,2400",,,"43",",,W","31",",,W","  230",",,W","  240",",,W","16.1",",,W","28.0",",,W",,,,,,,,,,
"USW00094728","NY CITY CENTRAL PARK, NY US","40.77898","-73.96925","42.7","2017-02-06","5.14",",,W","0.00",",,W,2400","0.0",",,W,2400","0",",,W,2400",,,"49",",,W","36",",,W","  170",",,W","  270",",,W","13.0",",,W","19.9",",,W",,,,,,,,,,
"USW00094728","NY CITY CENTRAL PARK, NY US","40.77898","-73.96925","42.7","2017-02-07","6.71",",,W","0.27",",,W,2400","0.0",",,W,2400","0",",,W,2400",,,"42",",,W","36",",,W","   60",",,W","   70",",,W","15.0",",,W","21.0",",,W","    1",",,W",,,,,,,"    1",",,W"
"USW00094728","NY CITY CENTRAL PARK, NY US","40.77898","-73.96925","42.7","2017-02-08","4.70",",,W","0.03",",,W,2400","0.0",",,W,2400","0",",,W,2400",,,"62",",,W","38",",,W","  360",",,W","   30",",,W","13.0",",,W","17.0",",,W","    1",",,W",,,,,,,"    1",",,W"
"USW00094728","NY CITY CENTRAL PARK, NY US","40.77898","-73.96925","42.7","2017-02-09","12.30",",,W","1.16",",,W,2400","9.4",",,W,2400","2",",,W,2400",,,"44",",,W","19",",,W","  310",",,W","  320",",,W","23.0",",,W","36.9",",,W","    1",",,W","    1",",,W",,,,,"    1",",,W"
"USW00094728","NY CITY CENTRAL PARK, NY US","40.77898","-73.96925","42.7","2017-02-10","8.50",",,W","0.00","T,,W,2400","0.0","T,,W,2400","8",",,W,2400",,,"32",",,W","19",",,W","  280",",,W","  260",",,W","16.1",",,W","31.1",",,W",,,,,,,,,"    1",",,W"
"USW00094728","NY CITY CENTRAL PARK, NY US","40.77898","-73.96925","42.7","2017-02-11","4.03",",,W","0.00",",,W,2400","0.0",",,W,2400","5",",,W,2400",,,"48",",,W","30",",,W","  240",",,W","  240",",,W","13.0",",,W","19.9",",,W",,,,,,,,,,
"USW00094728","NY CITY CENTRAL PARK, NY US","40.77898","-73.96925","42.7","2017-02-12","7.16",",,W","0.46",",,W,2400","0.0","T,,W,2400","2",",,W,2400",,,"40",",,W","30",",,W","   70",",,W","   60",",,W","17.0",",,W","23.0",",,W","    1",",,W",,,,,"    1",",,W",,
"USW00094728","NY CITY CENTRAL PARK, NY US","40.77898","-73.96925","42.7","2017-02-13","12.30",",,W","0.02",",,W,2400","0.0",",,W,2400","2",",,W,2400",,,"39",",,W","31",",,W","  310",",,W","  310",",,W","28.0",",,W","48.1",",,W","    1",",,W",,,,,,,,
"USW00094728","NY CITY CENTRAL PARK, NY US","40.77898","-73.96925","42.7","2017-02-14","5.37",",,W","0.00",",,W,2400","0.0",",,W,2400","2",",,W,2400",,,"41",",,W","28",",,W","  250",",,W","  310",",,W","13.0",",,W","19.9",",,W",,,,,,,,,,
"USW00094728","NY CITY CENTRAL PARK, NY US","40.77898","-73.96925","42.7","2017-02-15","6.49",",,W","0.00","T,,W,2400","0.0",",,W,2400","0","T,,W,2400",,,"47",",,W","35",",,W","  280",",,W","  280",",,W","18.1",",,W","29.1",",,W",,,,,,,,,,
"USW00094728","NY CITY CENTRAL PARK, NY US","40.77898","-73.96925","42.7","2017-02-16","10.51",",,W","0.00",",,W,2400","0.0",",,W,2400","0","T,,W,2400",,,"35",",,W","28",",,W","  310",",,W","  310",",,W","17.0",",,W","29.1",",,W",,,,,,,,,,
"USW00094728","NY CITY CENTRAL PARK, NY US","40.77898","-73.96925","42.7","2017-02-17","8.50",",,W","0.00",",,W,2400","0.0",",,W,2400","0","T,,W,2400",,,"41",",,W","26",",,W","  290",",,W","  290",",,W","16.1",",,W","28.0",",,W",,,,,,,,,,
"USW00094728","NY CITY CENTRAL PARK, NY US","40.77898","-73.96925","42.7","2017-02-18","5.82",",,W","0.00",",,W,2400","0.0",",,W,2400","0",",,W,2400",,,"63",",,W","35",",,W","  250",",,W","  240",",,W","16.1",",,W","28.0",",,W",,,,,,,,,,
"USW00094728","NY CITY CENTRAL PARK, NY US","40.77898","-73.96925","42.7","2017-02-19","5.59",",,W","0.00",",,W,2400","0.0",",,W,2400","0",",,W,2400",,,"65",",,W","53",",,W","  270",",,W","  330",",,W","14.1",",,W","21.9",",,W",,,,,,,,,,
"USW00094728","NY CITY CENTRAL PARK, NY US","40.77898","-73.96925","42.7","2017-02-20","7.38",",,W","0.00",",,W,2400","0.0",",,W,2400","0",",,W,2400",,,"55",",,W","39",",,W","   60",",,W","   40",",,W","18.1",",,W","25.1",",,W",,,,,,,,,,
"USW00094728","NY CITY CENTRAL PARK, NY US","40.77898","-73.96925","42.7","2017-02-21","5.82",",,W","0.00",",,W,2400","0.0",",,W,2400","0",",,W,2400",,,"47",",,W","34",",,W","  170",",,W","  240",",,W","14.1",",,W","21.9",",,W",,,,,,,,,,
"USW00094728","NY CITY CENTRAL PARK, NY US","40.77898","-73.96925","42.7","2017-02-22","2.91",",,W","0.00",",,W,2400","0.0",",,W,2400","0",",,W,2400",,,"57",",,W","42",",,W","  240",",,W","  210",",,W","12.1",",,W","17.0",",,W",,,,,,,,,,
"USW00094728","NY CITY CENTRAL PARK, NY US","40.77898","-73.96925","42.7","2017-02-23","3.58",",,W","0.00",",,W,2400","0.0",",,W,2400","0",",,W,2400",,,"65",",,W","44",",,W","  240",",,W","  240",",,W","13.0",",,W","19.9",",,W","    1",",,W",,,,,,,"    1",",,W"
"USW00094728","NY CITY CENTRAL PARK, NY US","40.77898","-73.96925","42.7","2017-02-24","6.04",",,W","0.00",",,W,2400","0.0",",,W,2400","0",",,W,2400",,,"70",",,W","58",",,W","  150",",,W","  170",",,W","14.1",",,W","21.0",",,W",,,,,,,,,,
"USW00094728","NY CITY CENTRAL PARK, NY US","40.77898","-73.96925","42.7","2017-02-25","6.71",",,W","0.54",",,W,2400","0.0",",,W,2400","0",",,W,2400",,,"63",",,W","44",",,W","  190",",,W","  200",",,W","19.9",",,W","28.0",",,W","    1",",,W",,,,,,,,
"USW00094728","NY CITY CENTRAL PARK, NY US","40.77898","-73.96925","42.7","2017-02-26","8.95",",,W","0.00",",,W,2400","0.0",",,W,2400","0",",,W,2400",,,"44",",,W","36",",,W","  310",",,W","  300",",,W","18.1",",,W","29.1",",,W",,,,,,,,,,
"USW00094728","NY CITY CENTRAL PARK, NY US","40.77898","-73.96925","42.7","2017-02-27","5.59",",,W","0.00",",,W,2400","0.0",",,W,2400","0",",,W,2400",,,"54",",,W","35",",,W","  250",",,W","  250",",,W","16.1",",,W","25.9",",,W",,,,,,,,,,
"USW00094728","NY CITY CENTRAL PARK, NY US","40.77898","-73.96925","42.7","2017-02-28","4.03",",,W","0.00",",,W,2400","0.0",",,W,2400","0",",,W,2400",,,"59",",,W","47",",,W","  160",",,W","  160",",,W","10.1",",,W","19.0",",,W",,,,,,,,,,
"USW00094728","NY CITY CENTRAL PARK, NY US","40.77898","-73.96925","42.7","2017-03-01","6.04",",,W","0.12",",,W,2400","0.0",",,W,2400","0",",,W,2400",,,"70",",,W","54",",,W","  250",",,W","  260",",,W","16.1",",,W","31.1",",,W","    1",",,W",,,,,,,"    1",",,W"
"USW00094728","NY CITY CENTRAL PARK, NY US","40.77898","-73.96925","42.7","2017-03-02","11.41",",,W","0.00",",,W,2400","0.0",",,W,2400","0",",,W,2400",,,"64",",,W","35",",,W","  270",",,W","  290",",,W","25.9",",,W","47.0",",,W",,,,,,,,,,
"USW00094728","NY CITY CENTRAL PARK, NY US","40.77898","-73.96925","42.7","2017-03-03","8.28",",,W","0.00",",,W,2400","0.0",",,W,2400","0",",,W,2400",,,"39",",,W","24",",,W","  310",",,W","  300",",,W","18.1",",,W","35.1",",,W",,,,,,,,,,
"USW00094728","NY CITY CENTRAL PARK, NY US","40.77898","-73.96925","42.7","2017-03-04","8.95",",,W","0.00",",,W,2400","0.0",",,W,2400","0",",,W,2400",,,"30",",,W","17",",,W","  310",",,W","  260",",,W","19.9",",,W","34.0",",,W",,,,,,,,,,
"USW00094728","NY CITY CENTRAL PARK, NY US","40.77898","-73.96925","42.7","2017-03-05","5.37",",,W","0.00",",,W,2400","0.0",",,W,2400","0",",,W,2400",,,"37",",,W","14",",,W","  350",",,W","  300",",,W","14.1",",,W","23.0",",,W",,,,,,,,,,
"USW00094728","NY CITY CENTRAL PARK, NY US","40.77898","-73.96925","42.7","2017-03-06","3.36",",,W","0.00",",,W,2400","0.0",",,W,2400","0",",,W,2400",,,"45",",,W","26",",,W","  180",",,W","  180",",,W","10.1",",,W","16.1",",,W",,,,,,,,,,
"USW00094728","NY CITY CENTRAL PARK, NY US","40.77898","-73.96925","42.7","2017-03-07","4.25",",,W","0.10",",,W,2400","0.0",",,W,2400","0",",,W,2400",,,"56",",,W","42",",,W","  160",",,W","  160",",,W","13.0",",,W","19.9",",,W","    1",",,W",,,,,,,,
"USW00094728","NY CITY CENTRAL PARK, NY US","40.77898","-73.96925","42.7","2017-03-08","7.61",",,W","0.02",",,W,2400","0.0",",,W,2400","0",",,W,2400",,,"59",",,W","47",",,W","  250",",,W","  270",",,W","17.0",",,W","31.1",",,W","    1",",,W",,,,,,,,
"USW00094728","NY CITY CENTRAL PARK, NY US","40.77898","-73.96925","42.7","2017-03-09","8.72",",,W","0.00",",,W,2400","0.0",",,W,2400","0",",,W,2400",,,"61",",,W","47",",,W","  280",",,W","  270",",,W","23.0",",,W","38.9",",,W",,,,,,,,,,
"USW00094728","NY CITY CENTRAL PARK, NY US","40.77898","-73.96925","42.7","2017-03-10","7.61",",,W","0.31",",,W,2400","2.1",",,W,2400","0",",,W,2400",,,"47",",,W","23",",,W","  310",",,W","  290",",,W","19.9",",,W","33.1",",,W","    1",",,W","    1",",,W",,,,,,
"USW00094728","NY CITY CENTRAL PARK, NY US","40.77898","-73.96925","42.7","2017-03-11","9.62",",,W","0.00",",,W,2400","0.0",",,W,2400","1",",,W,2400",,,"29",",,W","17",",,W","  290",",,W","  330",",,W","18.1",",,W","32.0",",,W",,,,,,,,,,
"USW00094728","NY CITY CENTRAL PARK, NY US","40.77898","-73.96925","42.7","2017-03-12","8.95",",,W","0.00",",,W,2400","0.0",",,W,2400","0","T,,W,2400",,,"29",",,W","19",",,W","  280",",,W","  300",",,W","17.0",",,W","25.1",",,W",,,,,,,,,,
"USW00094728","NY CITY CENTRAL PARK, NY US","40.77898","-73.96925","42.7","2017-03-13","4.47",",,W","0.00",",,W,2400","0.0","T,,W,2400","0",",,W,2400",,,"36",",,W","20",",,W","  170",",,W","  180",",,W","14.1",",,W","21.9",",,W",,,,,,,,,,
"USW00094728","NY CITY CENTRAL PARK, NY US","40.77898","-73.96925","42.7","2017-03-14","13.42",",,W","1.97",",,W,2400","7.6",",,W,2400","4",",,W,2400",,,"32",",,W","21",",,W","   60",",,W","   40",",,W","28.0",",,W","38.0",",,W","    1",",,W","    1",",,W",,,,,"    1",",,W"
"USW00094728","NY CITY CENTRAL PARK, NY US","40.77898","-73.96925","42.7","2017-03-15","11.63",",,W","0.00",",,W,2400","0.0",",,W,2400","6",",,W,2400",,,"26",",,W","20",",,W","  280",",,W","  290",",,W","21.0",",,W","36.0",",,W",,,,,,,,,"    1",",,W"
"USW00094728","NY CITY CENTRAL PARK, NY US","40.77898","-73.96925","42.7","2017-03-16","7.83",",,W","0.00",",,W,2400","0.0",",,W,2400","5",",,W,2400",,,"39",",,W","24",",,W","  290",",,W","  280",",,W","19.9",",,W","34.0",",,W",,,,,,,,,,
"USW00094728","NY CITY CENTRAL PARK, NY US","40.77898","-73.96925","42.7","2017-03-17","6.49",",,W","0.00",",,W,2400","0.0",",,W,2400","4",",,W,2400",,,"47",",,W","29",",,W","  280",",,W","  290",",,W","15.0",",,W","21.9",",,W",,,,,,,,,,
"USW00094728","NY CITY CENTRAL PARK, NY US","40.77898","-73.96925","42.7","2017-03-18","8.72",",,W","0.08",",,W,2400","0.0","T,,W,2400","3",",,W,2400",,,"39",",,W","34",",,W","   70",",,W","   60",",,W","19.9",",,W","27.1",",,W","    1",",,W",,,,,,,"    1",",,W"
"USW00094728","NY CITY CENTRAL PARK, NY US","40.77898","-73.96925","42.7","2017-03-19","8.28",",,W","0.00",",,W,2400","0.0",",,W,2400","3",",,W,2400",,,"47",",,W","34",",,W","   60",",,W","   70",",,W","18.1",",,W","29.1",",,W",,,,,,,,,,
"USW00094728","NY CITY CENTRAL PARK, NY US","40.77898","-73.96925","42.7","2017-03-20","5.14",",,W","0.00",",,W,2400","0.0",",,W,2400","0","T,,W,2400",,,"52",",,W","33",",,W","   40",",,W","   40",",,W","14.1",",,W","21.9",",,W",,,,,,,,,,
"USW00094728","NY CITY CENTRAL PARK, NY US","40.77898","-73.96925","42.7","2017-03-21","4.03",",,W","0.00",",,W,2400","0.0",",,W,2400","0",",,W,2400",,,"59",",,W","42",",,W","  270",",,W","  270",",,W","13.0",",,W","18.1",",,W",,,,,,,,,,
"USW00094728","NY CITY CENTRAL PARK, NY US","40.77898","-73.96925","42.7","2017-03-22","11.41",",,W","0.00",",,W,2400","0.0",",,W,2400","0",",,W,2400",,,"50",",,W","24",",,W","  310",",,W","  310",",,W","23.9",",,W","42.1",",,W",,,,,,,,,,
"USW00094728","NY CITY CENTRAL PARK, NY US","40.77898","-73.96925","42.7","2017-03-23","4.92",",,W","0.00",",,W,2400","0.0",",,W,2400","0",",,W,2400",,,"42",",,W","23",",,W","  310",",,W","  310",",,W","13.0",",,W","17.0",",,W",,,,,,,,,,
"USW00094728","NY CITY CENTRAL PARK, NY US","40.77898","-73.96925","42.7","2017-03-24","6.26",",,W","0.00","T,,W,2400","0.0",",,W,2400","0",",,W,2400",,,"57",",,W","36",",,W","  250",",,W","  240",",,W","15.0",",,W","23.0",",,W",,,,,,,,,,
"USW00094728","NY CITY CENTRAL PARK, NY US","40.77898","-73.96925","42.7","2017-03-25","6.71",",,W","0.01",",,W,2400","0.0",",,W,2400","0",",,W,2400",,,"62",",,W","42",",,W","   30",",,W","  260",",,W","16.1",",,W","23.9",",,W","    1",",,W",,,,,,,,
"USW00094728","NY CITY CENTRAL PARK, NY US","40.77898","-73.96925","42.7","2017-03-26","8.28",",,W","0.14",",,W,2400","0.0",",,W,2400","0",",,W,2400",,,"42",",,W","37",",,W","   70",",,W","   70",",,W","18.1",",,W","23.9",",,W","    1",",,W",,,,,,,,
"USW00094728","NY CITY CENTRAL PARK, NY US","40.77898","-73.96925","42.7","2017-03-27","4.25",",,W","0.26",",,W,2400","0.0",",,W,2400","0",",,W,2400",,,"53",",,W","37",",,W","   60",",,W","   50",",,W","12.1",",,W","17.0",",,W","    1",",,W",,,,,,,"    1",",,W"
"USW00094728","NY CITY CENTRAL PARK, NY US","40.77898","-73.96925","42.7","2017-03-28","5.82",",,W","0.72",",,W,2400","0.0",",,W,2400","0",",,W,2400",,,"46",",,W","41",",,W","   70",",,W","   60",",,W","14.1",",,W","21.0",",,W","    1",",,W",,,,,,,,
"USW00094728","NY CITY CENTRAL PARK, NY US","40.77898","-73.96925","42.7","2017-03-29","7.83",",,W","0.00",",,W,2400","0.0",",,W,2400","0",",,W,2400",,,"60",",,W","42",",,W","   30",",,W","   40",",,W","18.1",",,W","27.1",",,W","    1",",,W",,,,,,,,
"USW00094728","NY CITY CENTRAL PARK, NY US","40.77898","-73.96925","42.7","2017-03-30","5.82",",,W","0.01",",,W,2400","0.0",",,W,2400","0",",,W,2400",,,"52",",,W","38",",,W","   60",",,W","   60",",,W","15.0",",,W","19.9",",,W",,,,,,,,,,
"USW00094728","NY CITY CENTRAL PARK, NY US","40.77898","-73.96925","42.7","2017-03-31","10.29",",,W","1.51",",,W,2400","0.0",",,W,2400","0",",,W,2400",,,"43",",,W","37",",,W","   70",",,W","   60",",,W","25.9",",,W","40.9",",,W","    1",",,W",,,,,,,,
"USW00094728","NY CITY CENTRAL PARK, NY US","40.77898","-73.96925","42.7","2017-04-01","7.61",",,W","0.00",",,W,2400","0.0",",,W,2400","0",",,W,2400",,,"48",",,W","37",",,W","   70",",,W","   60",",,W","25.9",",,W","38.9",",,W","    1",",,W",,,,,,,,
"USW00094728","NY CITY CENTRAL PARK, NY US","40.77898","-73.96925","42.7","2017-04-02","5.37",",,W","0.00",",,W,2400","0.0",",,W,2400","0",",,W,2400",,,"63",",,W","40",",,W","  290",",,W","  310",",,W","14.1",",,W","23.9",",,W",,,,,,,,,,
"USW00094728","NY CITY CENTRAL PARK, NY US","40.77898","-73.96925","42.7","2017-04-03","4.92",",,W","0.03",",,W,2400","0.0",",,W,2400","0",",,W,2400",,,"63",",,W","48",",,W","  170",",,W","  180",",,W","18.1",",,W","23.9",",,W",,,,,,,,,,
"USW00094728","NY CITY CENTRAL PARK, NY US","40.77898","-73.96925","42.7","2017-04-04","6.93",",,W","1.18",",,W,2400","0.0",",,W,2400","0",",,W,2400",,,"51",",,W","45",",,W","   80",",,W","   90",",,W","18.1",",,W","25.1",",,W","    1",",,W",,,,,,,,
"USW00094728","NY CITY CENTRAL PARK, NY US","40.77898","-73.96925","42.7","2017-04-05","3.36",",,W","0.00",",,W,2400","0.0",",,W,2400","0",",,W,2400",,,"65",",,W","45",",,W","  120",",,W","  170",",,W","14.1",",,W","25.1",",,W","    1",",,W",,,,,,,"    1",",,W"
"USW00094728","NY CITY CENTRAL PARK, NY US","40.77898","-73.96925","42.7","2017-04-06","9.17",",,W","0.73",",,W,2400","0.0",",,W,2400","0",",,W,2400",,,"53",",,W","40",",,W","   60",",,W","   70",",,W","21.9",",,W","30.0",",,W","    1",",,W",,,,,,,,
"USW00094728","NY CITY CENTRAL PARK, NY US","40.77898","-73.96925","42.7","2017-04-07","10.51",",,W","0.00","T,,W,2400","0.0",",,W,2400","0",",,W,2400",,,"51",",,W","40",",,W","  290",",,W","  290",",,W","17.0",",,W","30.0",",,W",,,,,,,,,,
"USW00094728","NY CITY CENTRAL PARK, NY US","40.77898","-73.96925","42.7","2017-04-08","8.28",",,W","0.00",",,W,2400","0.0",",,W,2400","0",",,W,2400",,,"57",",,W","40",",,W","  310",",,W","  300",",,W","17.0",",,W","28.0",",,W",,,,,,,,,,
"USW00094728","NY CITY CENTRAL PARK, NY US","40.77898","-73.96925","42.7","2017-04-09","4.92",",,W","0.00",",,W,2400","0.0",",,W,2400","0",",,W,2400",,,"67",",,W","45",",,W","  240",",,W","  240",",,W","13.0",",,W","23.0",",,W",,,,,,,,,,
"USW00094728","NY CITY CENTRAL PARK, NY US","40.77898","-73.96925","42.7","2017-04-10","6.04",",,W","0.00",",,W,2400","0.0",",,W,2400","0",",,W,2400",,,"74",",,W","53",",,W","  160",",,W","  230",",,W","13.0",",,W","19.9",",,W",,,,,,,,,,
"USW00094728","NY CITY CENTRAL PARK, NY US","40.77898","-73.96925","42.7","2017-04-11","5.59",",,W","0.00",",,W,2400","0.0",",,W,2400","0",",,W,2400",,,"80",",,W","61",",,W","  260",",,W","  240",",,W","14.1",",,W","23.0",",,W",,,,,,,,,,
"USW00094728","NY CITY CENTRAL PARK, NY US","40.77898","-73.96925","42.7","2017-04-12","2.91",",,W","0.02",",,W,2400","0.0",",,W,2400","0",",,W,2400",,,"76",",,W","58",",,W","   40",",,W","  300",",,W","10.1",",,W","21.0",",,W",,,,,,,,,,
"USW00094728","NY CITY CENTRAL PARK, NY US","40.77898","-73.96925","42.7","2017-04-13","5.14",",,W","0.00",",,W,2400","0.0",",,W,2400","0",",,W,2400",,,"65",",,W","48",",,W","  350",",,W","  310",",,W","14.1",",,W","23.0",",,W",,,,,,,,,,
"USW00094728","NY CITY CENTRAL PARK, NY US","40.77898","-73.96925","42.7","2017-04-14","3.80",",,W","0.00",",,W,2400","0.0",",,W,2400","0",",,W,2400",,,"66",",,W","48",",,W","  180",",,W","  180",",,W","10.1",",,W","18.1",",,W",,,,,,,,,,
"USW00094728","NY CITY CENTRAL PARK, NY US","40.77898","-73.96925","42.7","2017-04-15","5.59",",,W","0.00",",,W,2400","0.0",",,W,2400","0",",,W,2400",,,"65",",,W","51",",,W","  180",",,W","  240",",,W","12.1",",,W","19.0",",,W",,,,,,,,,,
"USW00094728","NY CITY CENTRAL PARK, NY US","40.77898","-73.96925","42.7","2017-04-16","7.38",",,W","0.00","T,,W,2400","0.0",",,W,2400","0",",,W,2400",,,"87",",,W","59",",,W","  310",",,W","  310",",,W","21.0",",,W","36.9",",,W",,,,,,,,,,
"USW00094728","NY CITY CENTRAL PARK, NY US","40.77898","-73.96925","42.7","2017-04-17","6.71",",,W","0.00","T,,W,2400","0.0",",,W,2400","0",",,W,2400",,,"74",",,W","58",",,W","  360",",,W","  340",",,W","14.1",",,W","23.9",",,W",,,,,,,,,,
"USW00094728","NY CITY CENTRAL PARK, NY US","40.77898","-73.96925","42.7","2017-04-18","6.93",",,W","0.00",",,W,2400","0.0",",,W,2400","0",",,W,2400",,,"65",",,W","47",",,W","  170",",,W","  170",",,W","15.0",",,W","23.9",",,W",,,,,,,,,,
"USW00094728","NY CITY CENTRAL PARK, NY US","40.77898","-73.96925","42.7","2017-04-19","5.59",",,W","0.00","T,,W,2400","0.0",",,W,2400","0",",,W,2400",,,"54",",,W","45",",,W","  180",",,W","  160",",,W","16.1",",,W","23.0",",,W",,,,,,,,,,
"USW00094728","NY CITY CENTRAL PARK, NY US","40.77898","-73.96925","42.7","2017-04-20","4.03",",,W","0.17",",,W,2400","0.0",",,W,2400","0",",,W,2400",,,"66",",,W","50",",,W","  140",",,W","  150",",,W","13.0",",,W","19.9",",,W","    1",",,W",,,,,,,"    1",",,W"
"USW00094728","NY CITY CENTRAL PARK, NY US","40.77898","-73.96925","42.7","2017-04-21","7.38",",,W","0.29",",,W,2400","0.0",",,W,2400","0",",,W,2400",,,"53",",,W","48",",,W","   70",",,W","   50",",,W","14.1",",,W","19.0",",,W","    1",",,W",,,,,,,,
"USW00094728","NY CITY CENTRAL PARK, NY US","40.77898","-73.96925","42.7","2017-04-22","3.58",",,W","0.11",",,W,2400","0.0",",,W,2400","0",",,W,2400",,,"57",",,W","49",",,W","   20",",,W","  310",",,W","10.1",",,W","16.1",",,W","    1",",,W",,,,,,,,
"USW00094728","NY CITY CENTRAL PARK, NY US","40.77898","-73.96925","42.7","2017-04-23","4.92",",,W","0.00",",,W,2400","0.0",",,W,2400","0",",,W,2400",,,"66",",,W","46",",,W","  160",",,W","   20",",,W","12.1",",,W","17.0",",,W",,,,,,,,,,
"USW00094728","NY CITY CENTRAL PARK, NY US","40.77898","-73.96925","42.7","2017-04-24","3.58",",,W","0.00","T,,W,2400","0.0",",,W,2400","0",",,W,2400",,,"60",",,W","48",",,W","   60",",,W","   60",",,W","10.1",",,W","14.1",",,W",,,,,,,,,,
"USW00094728","NY CITY CENTRAL PARK, NY US","40.77898","-73.96925","42.7","2017-04-25","13.20",",,W","0.91",",,W,2400","0.0",",,W,2400","0",",,W,2400",,,"54",",,W","49",",,W","   70",",,W","   60",",,W","25.1",",,W","38.9",",,W","    1",",,W",,,,,,,,
"USW00094728","NY CITY CENTRAL PARK, NY US","40.77898","-73.96925","42.7","2017-04-26","4.92",",,W","0.34",",,W,2400","0.0",",,W,2400","0",",,W,2400",,,"60",",,W","53",",,W","   70",",,W","   60",",,W","18.1",",,W","23.9",",,W","    1",",,W",,,,,,,,
"USW00094728","NY CITY CENTRAL PARK, NY US","40.77898","-73.96925","42.7","2017-04-27","2.91",",,W","0.00",",,W,2400","0.0",",,W,2400","0",",,W,2400",,,"70",",,W","57",",,W","  160",",,W","  160",",,W","16.1",",,W","21.9",",,W","    1",",,W",,,,,,,"    1",",,W"
"USW00094728","NY CITY CENTRAL PARK, NY US","40.77898","-73.96925","42.7","2017-04-28","3.13",",,W","0.00","T,,W,2400","0.0",",,W,2400","0",",,W,2400",,,"85",",,W","58",",,W","  210",",,W","  190",",,W","12.1",",,W","19.0",",,W","    1",",,W",,,,,,,"    1",",,W"
"USW00094728","NY CITY CENTRAL PARK, NY US","40.77898","-73.96925","42.7","2017-04-29","5.14",",,W","0.06",",,W,2400","0.0",",,W,2400","0",",,W,2400",,,"85",",,W","64",",,W","  280",",,W","  290",",,W","23.0",",,W","36.9",",,W","    1",",,W",,,,,,,,
"USW00094728","NY CITY CENTRAL PARK, NY US","40.77898","-73.96925","42.7","2017-04-30","6.71",",,W","0.00",",,W,2400","0.0",",,W,2400","0",",,W,2400",,,"67",",,W","52",",,W","   80",",,W","  150",",,W","14.1",",,W","21.9",",,W",,,,,,,,,,
"USW00094728","NY CITY CENTRAL PARK, NY US","40.77898","-73.96925","42.7","2017-05-01","5.14",",,W","0.00",",,W,2400","0.0",",,W,2400","0",",,W,2400",,,"74",",,W","49",",,W","  180",",,W","  180",",,W","12.1",",,W","21.0",",,W","    1",",,W",,,,,,,"    1",",,W"
"USW00094728","NY CITY CENTRAL PARK, NY US","40.77898","-73.96925","42.7","2017-05-02","7.83",",,W","0.00","T,,W,2400","0.0",",,W,2400","0",",,W,2400",,,"75",",,W","62",",,W","  270",",,W","  240",",,W","19.9",",,W","32.0",",,W","    1",",,W",,,,,,,,
"USW00094728","NY CITY CENTRAL PARK, NY US","40.77898","-73.96925","42.7","2017-05-03","8.28",",,W","0.00",",,W,2400","0.0",",,W,2400","0",",,W,2400",,,"65",",,W","51",",,W","  310",",,W","  310",",,W","18.1",",,W","31.1",",,W",,,,,,,,,,
"USW00094728","NY CITY CENTRAL PARK, NY US","40.77898","-73.96925","42.7","2017-05-04","5.37",",,W","0.00",",,W,2400","0.0",",,W,2400","0",",,W,2400",,,"64",",,W","47",",,W","  170",",,W","  160",",,W","13.0",",,W","21.9",",,W",,,,,,,,,,
"USW00094728","NY CITY CENTRAL PARK, NY US","40.77898","-73.96925","42.7","2017-05-05","6.49",",,W","3.02",",,W,2400","0.0",",,W,2400","0",",,W,2400",,,"59",",,W","51",",,W","   70",",,W","   50",",,W","16.1",",,W","23.0",",,W","    1",",,W","    1",",,W",,,,,,
"USW00094728","NY CITY CENTRAL PARK, NY US","40.77898","-73.96925","42.7","2017-05-06","6.04",",,W","0.18",",,W,2400","0.0",",,W,2400","0",",,W,2400",,,"67",",,W","52",",,W","  180",",,W","  170",",,W","15.0",",,W","25.9",",,W","    1",",,W",,,,,,,,
"USW00094728","NY CITY CENTRAL PARK, NY US","40.77898","-73.96925","42.7","2017-05-07","5.59",",,W","0.01",",,W,2400","0.0",",,W,2400","0",",,W,2400",,,"56",",,W","47",",,W","  280",",,W","  270",",,W","14.1",",,W","21.9",",,W",,,,,,,,,,
"USW00094728","NY CITY CENTRAL PARK, NY US","40.77898","-73.96925","42.7","2017-05-08","5.82",",,W","0.00",",,W,2400","0.0",",,W,2400","0",",,W,2400",,,"57",",,W","44",",,W","  290",",,W","  290",",,W","15.0",",,W","25.9",",,W",,,,,,,,,,
"USW00094728","NY CITY CENTRAL PARK, NY US","40.77898","-73.96925","42.7","2017-05-09","4.47",",,W","0.00",",,W,2400","0.0",",,W,2400","0",",,W,2400",,,"63",",,W","47",",,W","   50",",,W","   60",",,W","12.1",",,W","17.0",",,W",,,,,,,,,,
"USW00094728","NY CITY CENTRAL PARK, NY US","40.77898","-73.96925","42.7","2017-05-10","3.36",",,W","0.00",",,W,2400","0.0",",,W,2400","0",",,W,2400",,,"63",",,W","49",",,W","  330",",,W",,,"6.9",",,W",,,,,,,,,,,,
"USW00094728","NY CITY CENTRAL PARK, NY US","40.77898","-73.96925","42.7","2017-05-11","3.58",",,W","0.00",",,W,2400","0.0",",,W,2400","0",",,W,2400",,,"62",",,W","51",",,W","  170",",,W",,,"6.9",",,W",,,,,,,,,,,,
"USW00094728","NY CITY CENTRAL PARK, NY US","40.77898","-73.96925","42.7","2017-05-12","4.03",",,W","0.00",",,W,2400","0.0",",,W,2400","0",",,W,2400",,,"65",",,W","48",",,W","   80",",,W","  160",",,W","12.1",",,W","17.0",",,W",,,,,,,,,,
"USW00094728","NY CITY CENTRAL PARK, NY US","40.77898","-73.96925","42.7","2017-05-13","7.61",",,W","1.61",",,W,2400","0.0",",,W,2400","0",",,W,2400",,,"53",",,W","45",",,W","   50",",,W","   50",",,W","18.1",",,W","31.1",",,W","    1",",,W",,,,,,,,
"USW00094728","NY CITY CENTRAL PARK, NY US","40.77898","-73.96925","42.7","2017-05-14","5.37",",,W","0.02",",,W,2400","0.0",",,W,2400","0",",,W,2400",,,"67",",,W","46",",,W","  310",",,W","  290",",,W","15.0",",,W","30.0",",,W",,,,,,,,,,
"USW00094728","NY CITY CENTRAL PARK, NY US","40.77898","-73.96925","42.7","2017-05-15","8.95",",,W","0.00",",,W,2400","0.0",",,W,2400","0",",,W,2400",,,"68",",,W","53",",,W","  300",",,W","  310",",,W","18.1",",,W","34.0",",,W",,,,,,,,,,
"USW00094728","NY CITY CENTRAL PARK, NY US","40.77898","-73.96925","42.7","2017-05-16","4.25",",,W","0.00",",,W,2400","0.0",",,W,2400","0",",,W,2400",,,"79",",,W","56",",,W","  300",",,W","  290",",,W","12.1",",,W","18.1",",,W",,,,,,,,,"    1",",,W"
"USW00094728","NY CITY CENTRAL PARK, NY US","40.77898","-73.96925","42.7","2017-05-17","5.59",",,W","0.00",",,W,2400","0.0",",,W,2400","0",",,W,2400",,,"90",",,W","65",",,W","  250",",,W","  240",",,W","12.1",",,W","23.0",",,W",,,,,,,,,,
"USW00094728","NY CITY CENTRAL PARK, NY US","40.77898","-73.96925","42.7","2017-05-18","5.59",",,W","0.00",",,W,2400","0.0",",,W,2400","0",",,W,2400",,,"92",",,W","75",",,W","  250",",,W","  200",",,W","14.1",",,W","23.0",",,W",,,,,,,,,,
"USW00094728","NY CITY CENTRAL PARK, NY US","40.77898","-73.96925","42.7","2017-05-19","6.26",",,W","0.00",",,W,2400","0.0",",,W,2400","0",",,W,2400",,,"91",",,W","66",",,W","   40",",,W","   40",",,W","16.1",",,W","25.1",",,W",,,,,,,,,,
"USW00094728","NY CITY CENTRAL PARK, NY US","40.77898","-73.96925","42.7","2017-05-20","4.03",",,W","0.01",",,W,2400","0.0",",,W,2400","0",",,W,2400",,,"65",",,W","55",",,W","   60",",,W","   60",",,W","16.1",",,W","23.0",",,W",,,,,,,,,"    1",",,W"
"USW00094728","NY CITY CENTRAL PARK, NY US","40.77898","-73.96925","42.7","2017-05-21","4.03",",,W","0.00",",,W,2400","0.0",",,W,2400","0",",,W,2400",,,"69",",,W","52",",,W","  170",",,W","  170",",,W","12.1",",,W","19.0",",,W",,,,,,,,,,
"USW00094728","NY CITY CENTRAL PARK, NY US","40.77898","-73.96925","42.7","2017-05-22","2.68",",,W","0.59",",,W,2400","0.0",",,W,2400","0",",,W,2400",,,"61",",,W","53",",,W","  140",",,W","  140",",,W","10.1",",,W","16.1",",,W","    1",",,W",,,,,,,,
"USW00094728","NY CITY CENTRAL PARK, NY US","40.77898","-73.96925","42.7","2017-05-23","2.24",",,W","0.00",",,W,2400","0.0",",,W,2400","0",",,W,2400",,,"69",",,W","56",",,W","   20",",,W","   20",",,W","10.1",",,W","15.0",",,W","    1",",,W",,,,,,,,
"USW00094728","NY CITY CENTRAL PARK, NY US","40.77898","-73.96925","42.7","2017-05-24","4.92",",,W","0.04",",,W,2400","0.0",",,W,2400","0",",,W,2400",,,"69",",,W","56",",,W","   60",",,W","   80",",,W","14.1",",,W","19.0",",,W","    1",",,W",,,,,,,,
"USW00094728","NY CITY CENTRAL PARK, NY US","40.77898","-73.96925","42.7","2017-05-25","8.05",",,W","0.58",",,W,2400","0.0",",,W,2400","0",",,W,2400",,,"59",",,W","56",",,W","   50",",,W","   80",",,W","16.1",",,W","28.0",",,W","    1",",,W",,,,,,,,
"USW00094728","NY CITY CENTRAL PARK, NY US","40.77898","-73.96925","42.7","2017-05-26","4.92",",,W","0.10",",,W,2400","0.0",",,W,2400","0",",,W,2400",,,"73",",,W","56",",,W","  290",",,W","  270",",,W","16.1",",,W","25.1",",,W","    1",",,W",,,,,,,,
"USW00094728","NY CITY CENTRAL PARK, NY US","40.77898","-73.96925","42.7","2017-05-27","3.13",",,W","0.00",",,W,2400","0.0",",,W,2400","0",",,W,2400",,,"71",",,W","59",",,W","  120",",,W","  290",",,W","8.1",",,W","13.0",",,W",,,,,,,,,,
"USW00094728","NY CITY CENTRAL PARK, NY US","40.77898","-73.96925","42.7","2017-05-28","4.47",",,W","0.00",",,W,2400","0.0",",,W,2400","0",",,W,2400",,,"71",",,W","58",",,W","  160",",,W","  170",",,W","12.1",",,W","21.0",",,W","    1",",,W",,,,,,,"    1",",,W"
"USW00094728","NY CITY CENTRAL PARK, NY US","40.77898","-73.96925","42.7","2017-05-29","5.14",",,W","0.13",",,W,2400","0.0",",,W,2400","0",",,W,2400",,,"61",",,W","56",",,W","   60",",,W","   80",",,W","12.1",",,W","14.1",",,W","    1",",,W",,,,,,,,
"USW00094728","NY CITY CENTRAL PARK, NY US","40.77898","-73.96925","42.7","2017-05-30","2.68",",,W","0.06",",,W,2400","0.0",",,W,2400","0",",,W,2400",,,"60",",,W","55",",,W","  160",",,W","  150",",,W","12.1",",,W","17.0",",,W","    1",",,W",,,,,,,,
"USW00094728","NY CITY CENTRAL PARK, NY US","40.77898","-73.96925","42.7","2017-05-31","2.46",",,W","0.03",",,W,2400","0.0",",,W,2400","0",",,W,2400",,,"75",",,W","58",",,W","   60",",,W","   50",",,W","12.1",",,W","17.0",",,W","    1",",,W",,,,,,,,
"USW00094728","NY CITY CENTRAL PARK, NY US","40.77898","-73.96925","42.7","2017-06-01","3.80",",,W","0.00","T,,W,2400","0.0",",,W,2400","0",",,W,2400",,,"79",",,W","59",",,W","  280",",,W","  270",",,W","13.0",",,W","21.9",",,W",,,,,,,,,,
"USW00094728","NY CITY CENTRAL PARK, NY US","40.77898","-73.96925","42.7","2017-06-02","4.47",",,W","0.01",",,W,2400","0.0",",,W,2400","0",",,W,2400",,,"76",",,W","57",",,W","  280",",,W","  260",",,W","16.1",",,W","23.9",",,W",,,,,,,,,,
"USW00094728","NY CITY CENTRAL PARK, NY US","40.77898","-73.96925","42.7","2017-06-03","3.58",",,W","0.01",",,W,2400","0.0",",,W,2400","0",",,W,2400",,,"73",",,W","55",",,W","  300",",,W","  320",",,W","13.0",",,W","23.9",",,W",,,,,,,,,,
"USW00094728","NY CITY CENTRAL PARK, NY US","40.77898","-73.96925","42.7","2017-06-04","2.24",",,W","0.09",",,W,2400","0.0",",,W,2400","0",",,W,2400",,,"70",",,W","56",",,W","  180",",,W","  150",",,W","8.1",",,W","14.1",",,W","    1",",,W",,,,,,,"    1",",,W"
"USW00094728","NY CITY CENTRAL PARK, NY US","40.77898","-73.96925","42.7","2017-06-05","4.92",",,W","0.02",",,W,2400","0.0",",,W,2400","0",",,W,2400",,,"67",",,W","58",",,W","   70",",,W","   60",",,W","16.1",",,W","21.9",",,W","    1",",,W",,,,,,,"    1",",,W"
"USW00094728","NY CITY CENTRAL PARK, NY US","40.77898","-73.96925","42.7","2017-06-06","7.16",",,W","0.06",",,W,2400","0.0",",,W,2400","0",",,W,2400",,,"58",",,W","52",",,W","   80",",,W","   80",",,W","13.0",",,W","23.0",",,W","    1",",,W",,,,,,,,
"USW00094728","NY CITY CENTRAL PARK, NY US","40.77898","-73.96925","42.7","2017-06-07","3.36",",,W","0.00",",,W,2400","0.0",",,W,2400","0",",,W,2400",,,"67",",,W","51",",,W","   50",",,W","   60",",,W","12.1",",,W","17.0",",,W",,,,,,,,,,
"USW00094728","NY CITY CENTRAL PARK, NY US","40.77898","-73.96925","42.7","2017-06-08","3.80",",,W","0.00",",,W,2400","0.0",",,W,2400","0",",,W,2400",,,"69",",,W","55",",,W","  160",",,W","  140",",,W","8.9",",,W","15.0",",,W",,,,,,,,,,
"USW00094728","NY CITY CENTRAL PARK, NY US","40.77898","-73.96925","42.7","2017-06-09","4.70",",,W","0.00",",,W,2400","0.0",",,W,2400","0",",,W,2400",,,"80",",,W","53",",,W","  280",",,W","  300",",,W","13.0",",,W","21.0",",,W",,,,,,,,,,
"USW00094728","NY CITY CENTRAL PARK, NY US","40.77898","-73.96925","42.7","2017-06-10","3.58",",,W","0.00",",,W,2400","0.0",",,W,2400","0",",,W,2400",,,"85",",,W","66",",,W","  250",",,W","  260",",,W","14.1",",,W","23.0",",,W",,,,,,,,,,
"USW00094728","NY CITY CENTRAL PARK, NY US","40.77898","-73.96925","42.7","2017-06-11","5.14",",,W","0.00",",,W,2400","0.0",",,W,2400","0",",,W,2400",,,"90",",,W","72",",,W","  270",",,W","  270",",,W","14.1",",,W","25.9",",,W",,,,,,,,,,
"USW00094728","NY CITY CENTRAL PARK, NY US","40.77898","-73.96925","42.7","2017-06-12","3.80",",,W","0.00",",,W,2400","0.0",",,W,2400","0",",,W,2400",,,"93",",,W","76",",,W","  270",",,W","  260",",,W","12.1",",,W","18.1",",,W",,,,,,,,,,
"USW00094728","NY CITY CENTRAL PARK, NY US","40.77898","-73.96925","42.7","2017-06-13","3.13",",,W","0.00","T,,W,2400","0.0",",,W,2400","0",",,W,2400",,,"94",",,W","77",",,W","  250",",,W","  250",",,W","10.1",",,W","19.9",",,W",,,,,,,,,,
"USW00094728","NY CITY CENTRAL PARK, NY US","40.77898","-73.96925","42.7","2017-06-14","4.70",",,W","0.29",",,W,2400","0.0",",,W,2400","0",",,W,2400",,,"84",",,W","69",",,W","   50",",,W","   50",",,W","13.0",",,W","19.0",",,W","    1",",,W",,,,,,,,
"USW00094728","NY CITY CENTRAL PARK, NY US","40.77898","-73.96925","42.7","2017-06-15","4.25",",,W","0.00",",,W,2400","0.0",",,W,2400","0",",,W,2400",,,"76",",,W","64",",,W","  170",",,W","  160",",,W","12.1",",,W","19.0",",,W",,,,,,,,,,
"USW00094728","NY CITY CENTRAL PARK, NY US","40.77898","-73.96925","42.7","2017-06-16","5.14",",,W","0.00",",,W,2400","0.0",",,W,2400","0",",,W,2400",,,"68",",,W","63",",,W","  120",",,W","  120",",,W","10.1",",,W","17.0",",,W","    1",",,W",,,,,,,"    1",",,W"
"USW00094728","NY CITY CENTRAL PARK, NY US","40.77898","-73.96925","42.7","2017-06-17","2.24",",,W","1.39",",,W,2400","0.0",",,W,2400","0",",,W,2400",,,"74",",,W","66",",,W","  170",",,W","  140",",,W","6.9",",,W","11.0",",,W","    1",",,W",,,,,,,"    1",",,W"
"USW00094728","NY CITY CENTRAL PARK, NY US","40.77898","-73.96925","42.7","2017-06-18","3.58",",,W","0.00","T,,W,2400","0.0",",,W,2400","0",",,W,2400",,,"85",",,W","70",",,W","  180",",,W","  170",",,W","10.1",",,W","21.0",",,W","    1",",,W",,,,,,,,
"USW00094728","NY CITY CENTRAL PARK, NY US","40.77898","-73.96925","42.7","2017-06-19","3.80",",,W","1.35",",,W,2400","0.0",",,W,2400","0",",,W,2400",,,"88",",,W","70",",,W","  250",",,W","  290",",,W","13.0",",,W","34.0",",,W","    1",",,W","    1",",,W",,,,,"    1",",,W"
"USW00094728","NY CITY CENTRAL PARK, NY US","40.77898","-73.96925","42.7","2017-06-20","5.14",",,W","0.03",",,W,2400","0.0",",,W,2400","0",",,W,2400",,,"83",",,W","71",",,W","  290",",,W","  250",",,W","15.0",",,W","23.9",",,W","    1",",,W",,,,,,,,
"USW00094728","NY CITY CENTRAL PARK, NY US","40.77898","-73.96925","42.7","2017-06-21","4.70",",,W","0.00",",,W,2400","0.0",",,W,2400","0",",,W,2400",,,"83",",,W","71",",,W","  270",",,W","  270",",,W","13.0",",,W","23.0",",,W",,,,,,,,,,
"USW00094728","NY CITY CENTRAL PARK, NY US","40.77898","-73.96925","42.7","2017-06-22","2.24",",,W","0.00",",,W,2400","0.0",",,W,2400","0",",,W,2400",,,"83",",,W","68",",,W","  240",",,W","  180",",,W","8.1",",,W","19.0",",,W",,,,,,,,,,
"USW00094728","NY CITY CENTRAL PARK, NY US","40.77898","-73.96925","42.7","2017-06-23","4.92",",,W","0.04",",,W,2400","0.0",",,W,2400","0",",,W,2400",,,"83",",,W","76",",,W","  240",",,W","  270",",,W","15.0",",,W","25.9",",,W","    1",",,W",,,,,,,,
"USW00094728","NY CITY CENTRAL PARK, NY US","40.77898","-73.96925","42.7","2017-06-24","5.37",",,W","1.29",",,W,2400","0.0",",,W,2400","0",",,W,2400",,,"84",",,W","71",",,W","  290",",,W","  280",",,W","17.0",",,W","28.0",",,W","    1",",,W",,,,,,,,
"USW00094728","NY CITY CENTRAL PARK, NY US","40.77898","-73.96925","42.7","2017-06-25","2.46",",,W","0.00",",,W,2400","0.0",",,W,2400","0",",,W,2400",,,"83",",,W","68",",,W","  350",",,W","  280",",,W","12.1",",,W","21.9",",,W",,,,,,,,,,
"USW00094728","NY CITY CENTRAL PARK, NY US","40.77898","-73.96925","42.7","2017-06-26","3.13",",,W","0.00",",,W,2400","0.0",",,W,2400","0",",,W,2400",,,"79",",,W","64",",,W","  270",",,W","  180",",,W","12.1",",,W","19.0",",,W",,,,,,,,,,
"USW00094728","NY CITY CENTRAL PARK, NY US","40.77898","-73.96925","42.7","2017-06-27","3.58",",,W","0.18",",,W,2400","0.0",",,W,2400","0",",,W,2400",,,"77",",,W","60",",,W","  290",",,W","  290",",,W","12.1",",,W","19.9",",,W","    1",",,W",,,,,,,,
"USW00094728","NY CITY CENTRAL PARK, NY US","40.77898","-73.96925","42.7","2017-06-28","4.92",",,W","0.00",",,W,2400","0.0",",,W,2400","0",",,W,2400",,,"78",",,W","61",",,W","  260",",,W","  260",",,W","15.0",",,W","21.9",",,W",,,,,,,,,,
"USW00094728","NY CITY CENTRAL PARK, NY US","40.77898","-73.96925","42.7","2017-06-29","5.37",",,W","0.00",",,W,2400","0.0",",,W,2400","0",",,W,2400",,,"82",",,W","68",",,W","  240",",,W","  240",",,W","12.1",",,W","21.9",",,W",,,,,,,,,,
"USW00094728","NY CITY CENTRAL PARK, NY US","40.77898","-73.96925","42.7","2017-06-30","5.82",",,W","0.00","T,,W,2400","0.0",",,W,2400","0",",,W,2400",,,"88",",,W","73",",,W","  230",",,W","  250",",,W","13.0",",,W","23.9",",,W",,,,,,,,,,
"USW00094728","NY CITY CENTRAL PARK, NY US","40.77898","-73.96925","42.7","2017-07-01","4.03",",,W","0.23",",,W,2400","0.0",",,W,2400","0",",,W,2400",,,"85",",,W","71",",,W","  260",",,W","  200",",,W","14.1",",,W","23.9",",,W","    1",",,W",,,,,,,"    1",",,W"
"USW00094728","NY CITY CENTRAL PARK, NY US","40.77898","-73.96925","42.7","2017-07-02","4.92",",,W","0.00",",,W,2400","0.0",",,W,2400","0",",,W,2400",,,"87",",,W","72",",,W","  270",",,W","  260",",,W","12.1",",,W","19.0",",,W","    1",",,W",,,,,,,,
"USW00094728","NY CITY CENTRAL PARK, NY US","40.77898","-73.96925","42.7","2017-07-03","1.79",",,W","0.45",",,W,2400","0.0",",,W,2400","0",",,W,2400",,,"88",",,W","71",",,W","  340",",,W","  320",",,W","16.1",",,W","28.0",",,W","    1",",,W",,,,,,,"    1",",,W"
"USW00094728","NY CITY CENTRAL PARK, NY US","40.77898","-73.96925","42.7","2017-07-04","2.68",",,W","0.00",",,W,2400","0.0",",,W,2400","0",",,W,2400",,,"85",",,W","70",",,W","  260",",,W","   80",",,W","8.1",",,W","11.0",",,W",,,,,,,,,"    1",",,W"
"USW00094728","NY CITY CENTRAL PARK, NY US","40.77898","-73.96925","42.7","2017-07-05","4.92",",,W","0.00",",,W,2400","0.0",",,W,2400","0",",,W,2400",,,"85",",,W","70",",,W","  160",",,W","  180",",,W","12.1",",,W","19.0",",,W",,,,,,,,,,
"USW00094728","NY CITY CENTRAL PARK, NY US","40.77898","-73.96925","42.7","2017-07-06","3.58",",,W","0.00","T,,W,2400","0.0",",,W,2400","0",",,W,2400",,,"77",",,W","71",",,W","  160",",,W","  150",",,W","10.1",",,W","14.1",",,W",,,,,,,,,,
"USW00094728","NY CITY CENTRAL PARK, NY US","40.77898","-73.96925","42.7","2017-07-07","5.37",",,W","1.78",",,W,2400","0.0",",,W,2400","0",",,W,2400",,,"80",",,W","68",",,W","   70",",,W","  310",",,W","14.1",",,W","21.9",",,W","    1",",,W","    1",",,W",,,,,,
"USW00094728","NY CITY CENTRAL PARK, NY US","40.77898","-73.96925","42.7","2017-07-08","3.36",",,W","0.00",",,W,2400","0.0",",,W,2400","0",",,W,2400",,,"84",",,W","69",",,W","  280",",,W","  260",",,W","16.1",",,W","23.0",",,W","    1",",,W",,,,,,,,
"USW00094728","NY CITY CENTRAL PARK, NY US","40.77898","-73.96925","42.7","2017-07-09","3.58",",,W","0.00",",,W,2400","0.0",",,W,2400","0",",,W,2400",,,"81",",,W","67",",,W","  270",",,W","  290",",,W","12.1",",,W","17.0",",,W",,,,,,,,,,
"USW00094728","NY CITY CENTRAL PARK, NY US","40.77898","-73.96925","42.7","2017-07-10","3.36",",,W","0.00",",,W,2400","0.0",",,W,2400","0",",,W,2400",,,"84",",,W","68",",,W","  150",",,W","  170",",,W","10.1",",,W","19.9",",,W",,,,,,,,,"    1",",,W"
"USW00094728","NY CITY CENTRAL PARK, NY US","40.77898","-73.96925","42.7","2017-07-11","3.13",",,W","0.00",",,W,2400","0.0",",,W,2400","0",",,W,2400",,,"85",",,W","75",",,W","  260",",,W","  260",",,W","13.0",",,W","21.9",",,W",,,,,,,,,,
"USW00094728","NY CITY CENTRAL PARK, NY US","40.77898","-73.96925","42.7","2017-07-12","5.14",",,W","0.00",",,W,2400","0.0",",,W,2400","0",",,W,2400",,,"88",",,W","77",",,W","  270",",,W","  260",",,W","16.1",",,W","25.1",",,W",,,,,,,,,,
"USW00094728","NY CITY CENTRAL PARK, NY US","40.77898","-73.96925","42.7","2017-07-13","4.92",",,W","0.00","T,,W,2400","0.0",",,W,2400","0",",,W,2400",,,"90",",,W","73",",,W","  260",",,W","  270",",,W","14.1",",,W","21.9",",,W",,,,,,,,,,
"USW00094728","NY CITY CENTRAL PARK, NY US","40.77898","-73.96925","42.7","2017-07-14","4.70",",,W","0.35",",,W,2400","0.0",",,W,2400","0",",,W,2400",,,"73",",,W","65",",,W","   70",",,W","   70",",,W","13.0",",,W","17.0",",,W","    1",",,W",,,,,,,,
"USW00094728","NY CITY CENTRAL PARK, NY US","40.77898","-73.96925","42.7","2017-07-15","3.36",",,W","0.00",",,W,2400","0.0",",,W,2400","0",",,W,2400",,,"84",",,W","68",",,W","  280",",,W","  290",",,W","12.1",",,W","17.0",",,W","    1",",,W",,,,,,,,
"USW00094728","NY CITY CENTRAL PARK, NY US","40.77898","-73.96925","42.7","2017-07-16","2.68",",,W","0.00",",,W,2400","0.0",",,W,2400","0",",,W,2400",,,"87",",,W","68",",,W","  160",",,W","  150",",,W","8.9",",,W","16.1",",,W",,,,,,,,,,
"USW00094728","NY CITY CENTRAL PARK, NY US","40.77898","-73.96925","42.7","2017-07-17","2.68",",,W","0.00",",,W,2400","0.0",",,W,2400","0",",,W,2400",,,"85",",,W","73",",,W","  160",",,W","  170",",,W","12.1",",,W","21.0",",,W",,,,,,,,,,
"USW00094728","NY CITY CENTRAL PARK, NY US","40.77898","-73.96925","42.7","2017-07-18","2.91",",,W","0.00",",,W,2400","0.0",",,W,2400","0",",,W,2400",,,"88",",,W","73",",,W","  230",",,W","  240",",,W","10.1",",,W","18.1",",,W",,,,,,,,,,
"USW00094728","NY CITY CENTRAL PARK, NY US","40.77898","-73.96925","42.7","2017-07-19","3.13",",,W","0.00",",,W,2400","0.0",",,W,2400","0",",,W,2400",,,"92",",,W","77",",,W","  280",",,W","  280",",,W","12.1",",,W","16.1",",,W",,,,,,,,,,
"USW00094728","NY CITY CENTRAL PARK, NY US","40.77898","-73.96925","42.7","2017-07-20","2.91",",,W","0.01",",,W,2400","0.0",",,W,2400","0",",,W,2400",,,"94",",,W","77",",,W","  280",",,W","  250",",,W","12.1",",,W","17.0",",,W",,,,,,,,,,
"USW00094728","NY CITY CENTRAL PARK, NY US","40.77898","-73.96925","42.7","2017-07-21","3.80",",,W","0.00",",,W,2400","0.0",",,W,2400","0",",,W,2400",,,"92",",,W","76",",,W","  280",",,W","  260",",,W","10.1",",,W","18.1",",,W",,,,,,,,,,
"USW00094728","NY CITY CENTRAL PARK, NY US","40.77898","-73.96925","42.7","2017-07-22","2.46",",,W","0.57",",,W,2400","0.0",",,W,2400","0",",,W,2400",,,"92",",,W","71",",,W","  170",",,W","  150",",,W","8.1",",,W","13.0",",,W","    1",",,W",,,,,,,,
"USW00094728","NY CITY CENTRAL PARK, NY US","40.77898","-73.96925","42.7","2017-07-23","2.68",",,W","0.06",",,W,2400","0.0",",,W,2400","0",",,W,2400",,,"79",",,W","71",",,W","  150",",,W","  160",",,W","10.1",",,W","17.0",",,W","    1",",,W",,,,,,,"    1",",,W"
"USW00094728","NY CITY CENTRAL PARK, NY US","40.77898","-73.96925","42.7","2017-07-24","6.71",",,W","0.74",",,W,2400","0.0",",,W,2400","0",",,W,2400",,,"73",",,W","63",",,W","   70",",,W","   80",",,W","15.0",",,W","23.0",",,W","    1",",,W",,,,,,,,
"USW00094728","NY CITY CENTRAL PARK, NY US","40.77898","-73.96925","42.7","2017-07-25","5.14",",,W","0.00",",,W,2400","0.0",",,W,2400","0",",,W,2400",,,"71",",,W","62",",,W","   60",",,W","   60",",,W","10.1",",,W","14.1",",,W",,,,,,,,,,
"USW00094728","NY CITY CENTRAL PARK, NY US","40.77898","-73.96925","42.7","2017-07-26","3.80",",,W","0.00",",,W,2400","0.0",",,W,2400","0",",,W,2400",,,"77",",,W","65",",,W","   70",",,W","  180",",,W","8.9",",,W","17.0",",,W",,,,,,,,,,
"USW00094728","NY CITY CENTRAL PARK, NY US","40.77898","-73.96925","42.7","2017-07-27","2.46",",,W","0.00","T,,W,2400","0.0",",,W,2400","0",",,W,2400",,,"78",",,W","65",",,W","  260",",,W","  240",",,W","8.9",",,W","17.0",",,W",,,,,,,,,,
"USW00094728","NY CITY CENTRAL PARK, NY US","40.77898","-73.96925","42.7","2017-07-28","2.91",",,W","0.00",",,W,2400","0.0",",,W,2400","0",",,W,2400",,,"85",",,W","71",",,W","   50",",,W","   30",",,W","12.1",",,W","17.0",",,W","    1",",,W",,,,,,,"    1",",,W"
"USW00094728","NY CITY CENTRAL PARK, NY US","40.77898","-73.96925","42.7","2017-07-29","9.40",",,W","0.00",",,W,2400","0.0",",,W,2400","0",",,W,2400",,,"77",",,W","67",",,W","   60",",,W","   60",",,W","17.0",",,W","25.1",",,W",,,,,,,,,,
"USW00094728","NY CITY CENTRAL PARK, NY US","40.77898","-73.96925","42.7","2017-07-30","4.25",",,W","0.00",",,W,2400","0.0",",,W,2400","0",",,W,2400",,,"82",",,W","64",",,W","   60",",,W","   50",",,W","12.1",",,W","16.1",",,W",,,,,,,,,,
"USW00094728","NY CITY CENTRAL PARK, NY US","40.77898","-73.96925","42.7","2017-07-31","2.01",",,W","0.00",",,W,2400","0.0",",,W,2400","0",",,W,2400",,,"88",",,W","66",",,W","   70",",,W","  260",",,W","8.9",",,W","14.1",",,W",,,,,,,,,,
